Ноутбук Lenovo IdeaPad 3;Ноутбуки;24999.00;24;7
Смартфон Samsung Galaxy A55;Смартфони;17499.50;24;15
Планшет Apple iPad 10;Планшети;абв;12;5
Телевізор LG 50UR78;Телевізори;21999.00;24;4

Навушники Sony WH-1000XM5;Аудіо;14299.99;12;9
Пилосос Dyson V12;Побутова техніка;29999.00;24;-3
Пральна машина Bosch WAN28;Побутова техніка;18750.00;36;3
Фотоапарат Canon EOS R50;Фотоапарати;39999.00;24
Монітор Dell S2425H;Монітори;6499.00;36;12
;Смартфони;9999.00;12;6
Клавіатура Logitech MX Keys;Аксесуари;3899.00;24;25
Колонка JBL Flip 6;Аудіо;3499.00;12.5;8
Мікрохвильова піч Samsung MS23;Побутова техніка;4299.50;12;0
